,,,,,,Retracted,Courier Pickup,Branch Pickup,Office Delivery,Preparing,Waiting confirmation from People Ops,Email Only,,,,,,,,,,,,,,,
Demo Asset Account Status,ASSET STATUS,Created Email Address,Strong Start Arrangement,DATE ENDORSED,EE NUMBER3.0,EMPLOYEE NAME,NEW HEADCOUNT OR REPLACEMENT HEADCOUNT OF RESIGNED EEs,POSITION,DEPT/GROUP/UNIT,SUB Unit,IS,Day O.N.E Strong Start,Email,Date of Birth,TIN NUMBER,DISTRO,Remarks,START DATE,ADDRESS,CONTACT NUMBER,PICTURE,ASSET STATUS,REMARKS,NOTES,SERVICE UNIT (FOR FINANCE),For KIAH,Demo Asset Account Status
Retracted,Email Only,gray.sample601@example.com,Virtual Orientation,8/15/2025,EMP-0601,"SAMPLE, GRAY",NEW,Support Analyst,Infrastructure Services,Infrastructure Services,Confirmed,8/15/2025,gray.sample601@example.com,,,Corporate,,8/15/2025,"Unit 2702, 11 Example Street, Example District, Example City",+63 900 601 5777,,Pending,,,Synthetic Sample Unit,gray.sample601@example.com
Retracted,Demo macOS Image,reese.miller602@example.com,Self Serve,3/15/2025,EMP-0602,"MILLER, REESE",NEW,Software Engineer,Systems Administration,Systems Administration,Confirmed,3/15/2025,reese.miller602@example.com,,,Field,,3/15/2025,"Unit 2502, 17 Example Street, Example District, Example City",+63 900 602 8737,,Pending,,,Synthetic Sample Unit,reese.miller602@example.com
Created,Demo Windows Image,alex.tester603@example.com,Face to Face Orientation,8/14/2025,EMP-0603,"TESTER, ALEX",NEW,Support Analyst,Service Desk,Service Desk,Pending,8/14/2025,alex.tester603@example.com,,,Corporate,,8/14/2025,"Unit 3902, 51 Example Street, Example District, Example City",+63 900 603 9494,,Deployed,,,Synthetic Sample Unit,alex.tester603@example.com
Created,Email Only,casey.tester604@example.com,Face to Face Orientation,6/8/2026,EMP-0604,"TESTER, CASEY",NEW,Software Engineer,IT Operations,IT Operations,Pending,6/8/2026,casey.tester604@example.com,,,Field,,6/8/2026,"Unit 502, 52 Example Street, Example District, Example City",+63 900 604 8671,,Delivered,,,Synthetic Sample Unit,casey.tester604@example.com
Retracted,Email Only,ellis.tester605@example.com,Virtual Orientation,1/21/2025,EMP-0605,"TESTER, ELLIS",NEW,Team Lead,Infrastructure Services,Infrastructure Services,Confirmed,1/21/2025,ellis.tester605@example.com,,,Field,,1/21/2025,"Unit 3702, 23 Example Street, Example District, Example City",+63 900 605 7622,,Deployed,,,Synthetic Sample Unit,ellis.tester605@example.com
Retracted,Email Only,ellis.williams606@example.com,Virtual Orientation,8/6/2026,EMP-0606,"WILLIAMS, ELLIS",NEW,Team Lead,Application Support,Application Support,Confirmed,8/6/2026,ellis.williams606@example.com,,,Corporate,,8/6/2026,"Unit 2402, 25 Example Street, Example District, Example City",+63 900 606 8948,,Deployed,,,Synthetic Sample Unit,ellis.williams606@example.com
Pending,Demo macOS Image,oakley.smith607@example.com,Face to Face Orientation,4/17/2026,EMP-0607,"SMITH, OAKLEY",NEW,Support Analyst,Application Support,Application Support,Pending,4/17/2026,oakley.smith607@example.com,,,Corporate,,4/17/2026,"Unit 1402, 80 Example Street, Example District, Example City",+63 900 607 9436,,Pending,,,Synthetic Sample Unit,oakley.smith607@example.com
Retracted,Demo Windows Image,harper.placeholder608@example.com,Face to Face Orientation,2/6/2026,EMP-0608,"PLACEHOLDER, HARPER",NEW,Support Analyst,IT Operations,IT Operations,Pending,2/6/2026,harper.placeholder608@example.com,,,Field,,2/6/2026,"Unit 702, 69 Example Street, Example District, Example City",+63 900 608 8928,,Pending,,,Synthetic Sample Unit,harper.placeholder608@example.com
Pending,Demo macOS Image,indigo.clark609@example.com,Face to Face Orientation,5/16/2026,EMP-0609,"CLARK, INDIGO",NEW,Account Manager,Service Desk,Service Desk,Confirmed,5/16/2026,indigo.clark609@example.com,,,Field,,5/16/2026,"Unit 4002, 90 Example Street, Example District, Example City",+63 900 609 3675,,Pending,,,Synthetic Sample Unit,indigo.clark609@example.com
Pending,Demo Windows Image,reese.doe610@example.com,Virtual Orientation,12/13/2025,EMP-0610,"DOE, REESE",NEW,Account Manager,Infrastructure Services,Infrastructure Services,Pending,12/13/2025,reese.doe610@example.com,,,Corporate,,12/13/2025,"Unit 4002, 90 Example Street, Example District, Example City",+63 900 610 5580,,Deployed,,,Synthetic Sample Unit,reese.doe610@example.com
Created,Demo macOS Image,ellis.doe611@example.com,Self Serve,12/11/2026,EMP-0611,"DOE, ELLIS",NEW,Support Analyst,IT Operations,IT Operations,Confirmed,12/11/2026,ellis.doe611@example.com,,,Field,,12/11/2026,"Unit 1302, 48 Example Street, Example District, Example City",+63 900 611 0676,,Delivered,,,Synthetic Sample Unit,ellis.doe611@example.com
Retracted,Demo macOS Image,parker.tester612@example.com,Self Serve,11/7/2026,EMP-0612,"TESTER, PARKER",NEW,Systems Engineer,Application Support,Application Support,Pending,11/7/2026,parker.tester612@example.com,,,Retail,,11/7/2026,"Unit 1002, 43 Example Street, Example District, Example City",+63 900 612 0158,,Pending,,,Synthetic Sample Unit,parker.tester612@example.com
Retracted,Demo Windows Image,parker.brown613@example.com,Face to Face Orientation,3/7/2025,EMP-0613,"BROWN, PARKER",NEW,Support Analyst,Infrastructure Services,Infrastructure Services,Confirmed,3/7/2025,parker.brown613@example.com,,,Retail,,3/7/2025,"Unit 502, 83 Example Street, Example District, Example City",+63 900 613 5808,,Pending,,,Synthetic Sample Unit,parker.brown613@example.com
Retracted,Demo Windows Image,reese.doe614@example.com,Self Serve,10/11/2026,EMP-0614,"DOE, REESE",NEW,Operations Specialist,Infrastructure Services,Infrastructure Services,Confirmed,10/11/2026,reese.doe614@example.com,,,Retail,,10/11/2026,"Unit 802, 55 Example Street, Example District, Example City",+63 900 614 1429,,Delivered,,,Synthetic Sample Unit,reese.doe614@example.com
Pending,Demo Windows Image,kai.williams615@example.com,Self Serve,11/4/2026,EMP-0615,"WILLIAMS, KAI",NEW,Operations Specialist,IT Operations,IT Operations,Confirmed,11/4/2026,kai.williams615@example.com,,,Field,,11/4/2026,"Unit 602, 35 Example Street, Example District, Example City",+63 900 615 5738,,Deployed,,,Synthetic Sample Unit,kai.williams615@example.com
Pending,Demo Windows Image,alex.smith616@example.com,Face to Face Orientation,8/20/2026,EMP-0616,"SMITH, ALEX",NEW,Team Lead,Service Desk,Service Desk,Confirmed,8/20/2026,alex.smith616@example.com,,,Retail,,8/20/2026,"Unit 1402, 83 Example Street, Example District, Example City",+63 900 616 1241,,Delivered,,,Synthetic Sample Unit,alex.smith616@example.com
Created,Demo Windows Image,lee.williams617@example.com,Face to Face Orientation,12/4/2026,EMP-0617,"WILLIAMS, LEE",NEW,Software Engineer,Application Support,Application Support,Confirmed,12/4/2026,lee.williams617@example.com,,,Corporate,,12/4/2026,"Unit 902, 17 Example Street, Example District, Example City",+63 900 617 9728,,Pending,,,Synthetic Sample Unit,lee.williams617@example.com
Retracted,Email Only,ellis.clark618@example.com,Face to Face Orientation,6/4/2025,EMP-0618,"CLARK, ELLIS",NEW,Account Manager,Systems Administration,Systems Administration,Confirmed,6/4/2025,ellis.clark618@example.com,,,Field,,6/4/2025,"Unit 1602, 20 Example Street, Example District, Example City",+63 900 618 6257,,Deployed,,,Synthetic Sample Unit,ellis.clark618@example.com
Created,Demo Windows Image,blair.brown619@example.com,Self Serve,5/9/2026,EMP-0619,"BROWN, BLAIR",NEW,Systems Engineer,Infrastructure Services,Infrastructure Services,Confirmed,5/9/2026,blair.brown619@example.com,,,Corporate,,5/9/2026,"Unit 602, 66 Example Street, Example District, Example City",+63 900 619 9462,,Delivered,,,Synthetic Sample Unit,blair.brown619@example.com
Retracted,Demo macOS Image,jamie.williams620@example.com,Face to Face Orientation,9/24/2026,EMP-0620,"WILLIAMS, JAMIE",NEW,Systems Engineer,Infrastructure Services,Infrastructure Services,Confirmed,9/24/2026,jamie.williams620@example.com,,,Corporate,,9/24/2026,"Unit 2302, 44 Example Street, Example District, Example City",+63 900 620 4295,,Pending,,,Synthetic Sample Unit,jamie.williams620@example.com
Created,Demo Windows Image,jamie.sample621@example.com,Self Serve,6/9/2025,EMP-0621,"SAMPLE, JAMIE",NEW,Account Manager,IT Operations,IT Operations,Confirmed,6/9/2025,jamie.sample621@example.com,,,Retail,,6/9/2025,"Unit 3702, 52 Example Street, Example District, Example City",+63 900 621 8946,,Deployed,,,Synthetic Sample Unit,jamie.sample621@example.com
Created,Demo Windows Image,harper.tester622@example.com,Self Serve,4/23/2026,EMP-0622,"TESTER, HARPER",NEW,Support Analyst,Infrastructure Services,Infrastructure Services,Confirmed,4/23/2026,harper.tester622@example.com,,,Corporate,,4/23/2026,"Unit 1502, 54 Example Street, Example District, Example City",+63 900 622 2021,,Delivered,,,Synthetic Sample Unit,harper.tester622@example.com
Retracted,Demo macOS Image,tatum.doe623@example.com,Face to Face Orientation,10/6/2025,EMP-0623,"DOE, TATUM",NEW,Software Engineer,Service Desk,Service Desk,Confirmed,10/6/2025,tatum.doe623@example.com,,,Retail,,10/6/2025,"Unit 2102, 36 Example Street, Example District, Example City",+63 900 623 1304,,Deployed,,,Synthetic Sample Unit,tatum.doe623@example.com
Retracted,Demo macOS Image,quinn.miller624@example.com,Face to Face Orientation,12/28/2026,EMP-0624,"MILLER, QUINN",NEW,Support Analyst,Application Support,Application Support,Pending,12/28/2026,quinn.miller624@example.com,,,Field,,12/28/2026,"Unit 3002, 75 Example Street, Example District, Example City",+63 900 624 4183,,Deployed,,,Synthetic Sample Unit,quinn.miller624@example.com
Retracted,Demo macOS Image,jamie.placeholder625@example.com,Self Serve,1/28/2025,EMP-0625,"PLACEHOLDER, JAMIE",NEW,Systems Engineer,Systems Administration,Systems Administration,Confirmed,1/28/2025,jamie.placeholder625@example.com,,,Corporate,,1/28/2025,"Unit 1502, 31 Example Street, Example District, Example City",+63 900 625 8935,,Deployed,,,Synthetic Sample Unit,jamie.placeholder625@example.com
Created,Demo Windows Image,harper.smith626@example.com,Virtual Orientation,7/12/2025,EMP-0626,"SMITH, HARPER",NEW,Account Manager,Service Desk,Service Desk,Confirmed,7/12/2025,harper.smith626@example.com,,,Field,,7/12/2025,"Unit 1602, 87 Example Street, Example District, Example City",+63 900 626 6627,,Deployed,,,Synthetic Sample Unit,harper.smith626@example.com
Retracted,Email Only,morgan.clark627@example.com,Virtual Orientation,8/12/2025,EMP-0627,"CLARK, MORGAN",NEW,Account Manager,Application Support,Application Support,Confirmed,8/12/2025,morgan.clark627@example.com,,,Retail,,8/12/2025,"Unit 1402, 33 Example Street, Example District, Example City",+63 900 627 9029,,Delivered,,,Synthetic Sample Unit,morgan.clark627@example.com
Retracted,Demo Windows Image,dana.williams628@example.com,Self Serve,3/23/2025,EMP-0628,"WILLIAMS, DANA",NEW,Software Engineer,Service Desk,Service Desk,Confirmed,3/23/2025,dana.williams628@example.com,,,Retail,,3/23/2025,"Unit 3302, 21 Example Street, Example District, Example City",+63 900 628 8051,,Delivered,,,Synthetic Sample Unit,dana.williams628@example.com
Created,Demo macOS Image,reese.placeholder629@example.com,Self Serve,11/1/2025,EMP-0629,"PLACEHOLDER, REESE",NEW,Software Engineer,Service Desk,Service Desk,Pending,11/1/2025,reese.placeholder629@example.com,,,Field,,11/1/2025,"Unit 1802, 88 Example Street, Example District, Example City",+63 900 629 1070,,Delivered,,,Synthetic Sample Unit,reese.placeholder629@example.com
Pending,Email Only,casey.doe630@example.com,Virtual Orientation,10/28/2026,EMP-0630,"DOE, CASEY",NEW,Operations Specialist,Systems Administration,Systems Administration,Pending,10/28/2026,casey.doe630@example.com,,,Field,,10/28/2026,"Unit 3802, 72 Example Street, Example District, Example City",+63 900 630 9194,,Delivered,,,Synthetic Sample Unit,casey.doe630@example.com
Pending,Demo Windows Image,sawyer.tester631@example.com,Virtual Orientation,12/17/2025,EMP-0631,"TESTER, SAWYER",NEW,Systems Engineer,Infrastructure Services,Infrastructure Services,Pending,12/17/2025,sawyer.tester631@example.com,,,Field,,12/17/2025,"Unit 3202, 49 Example Street, Example District, Example City",+63 900 631 0511,,Pending,,,Synthetic Sample Unit,sawyer.tester631@example.com
Created,Demo macOS Image,blair.doe632@example.com,Self Serve,6/4/2025,EMP-0632,"DOE, BLAIR",NEW,Software Engineer,Systems Administration,Systems Administration,Confirmed,6/4/2025,blair.doe632@example.com,,,Field,,6/4/2025,"Unit 202, 71 Example Street, Example District, Example City",+63 900 632 7679,,Delivered,,,Synthetic Sample Unit,blair.doe632@example.com
Pending,Demo Windows Image,ellis.doe633@example.com,Virtual Orientation,9/13/2025,EMP-0633,"DOE, ELLIS",NEW,Software Engineer,Service Desk,Service Desk,Pending,9/13/2025,ellis.doe633@example.com,,,Corporate,,9/13/2025,"Unit 3602, 81 Example Street, Example District, Example City",+63 900 633 6860,,Deployed,,,Synthetic Sample Unit,ellis.doe633@example.com
Retracted,Demo macOS Image,casey.doe634@example.com,Virtual Orientation,9/7/2025,EMP-0634,"DOE, CASEY",NEW,Operations Specialist,Application Support,Application Support,Pending,9/7/2025,casey.doe634@example.com,,,Field,,9/7/2025,"Unit 902, 87 Example Street, Example District, Example City",+63 900 634 9602,,Pending,,,Synthetic Sample Unit,casey.doe634@example.com
Created,Email Only,jamie.johnson635@example.com,Face to Face Orientation,5/5/2026,EMP-0635,"JOHNSON, JAMIE",NEW,Account Manager,IT Operations,IT Operations,Pending,5/5/2026,jamie.johnson635@example.com,,,Corporate,,5/5/2026,"Unit 2802, 72 Example Street, Example District, Example City",+63 900 635 8790,,Delivered,,,Synthetic Sample Unit,jamie.johnson635@example.com
Pending,Email Only,indigo.smith636@example.com,Face to Face Orientation,5/10/2026,EMP-0636,"SMITH, INDIGO",NEW,Support Analyst,IT Operations,IT Operations,Confirmed,5/10/2026,indigo.smith636@example.com,,,Corporate,,5/10/2026,"Unit 102, 24 Example Street, Example District, Example City",+63 900 636 7481,,Pending,,,Synthetic Sample Unit,indigo.smith636@example.com
Retracted,Demo Windows Image,blair.tester637@example.com,Self Serve,8/24/2026,EMP-0637,"TESTER, BLAIR",NEW,Software Engineer,Service Desk,Service Desk,Pending,8/24/2026,blair.tester637@example.com,,,Field,,8/24/2026,"Unit 2302, 7 Example Street, Example District, Example City",+63 900 637 1328,,Deployed,,,Synthetic Sample Unit,blair.tester637@example.com
Created,Demo macOS Image,lee.brown638@example.com,Virtual Orientation,5/16/2025,EMP-0638,"BROWN, LEE",NEW,Systems Engineer,Application Support,Application Support,Pending,5/16/2025,lee.brown638@example.com,,,Retail,,5/16/2025,"Unit 1502, 68 Example Street, Example District, Example City",+63 900 638 5541,,Pending,,,Synthetic Sample Unit,lee.brown638@example.com
Pending,Demo macOS Image,reese.doe639@example.com,Self Serve,3/20/2026,EMP-0639,"DOE, REESE",NEW,Team Lead,Systems Administration,Systems Administration,Confirmed,3/20/2026,reese.doe639@example.com,,,Corporate,,3/20/2026,"Unit 2702, 8 Example Street, Example District, Example City",+63 900 639 0279,,Deployed,,,Synthetic Sample Unit,reese.doe639@example.com
Pending,Demo macOS Image,kai.placeholder640@example.com,Face to Face Orientation,2/25/2026,EMP-0640,"PLACEHOLDER, KAI",NEW,Account Manager,Infrastructure Services,Infrastructure Services,Confirmed,2/25/2026,kai.placeholder640@example.com,,,Corporate,,2/25/2026,"Unit 2202, 44 Example Street, Example District, Example City",+63 900 640 4188,,Deployed,,,Synthetic Sample Unit,kai.placeholder640@example.com
Created,Demo Windows Image,indigo.sample641@example.com,Virtual Orientation,2/13/2026,EMP-0641,"SAMPLE, INDIGO",NEW,Team Lead,IT Operations,IT Operations,Confirmed,2/13/2026,indigo.sample641@example.com,,,Retail,,2/13/2026,"Unit 3102, 26 Example Street, Example District, Example City",+63 900 641 8843,,Delivered,,,Synthetic Sample Unit,indigo.sample641@example.com
Created,Email Only,quinn.sample642@example.com,Self Serve,10/21/2026,EMP-0642,"SAMPLE, QUINN",NEW,Operations Specialist,Service Desk,Service Desk,Confirmed,10/21/2026,quinn.sample642@example.com,,,Retail,,10/21/2026,"Unit 1202, 22 Example Street, Example District, Example City",+63 900 642 1444,,Delivered,,,Synthetic Sample Unit,quinn.sample642@example.com
Pending,Email Only,dana.sample643@example.com,Virtual Orientation,12/20/2025,EMP-0643,"SAMPLE, DANA",NEW,Operations Specialist,Systems Administration,Systems Administration,Pending,12/20/2025,dana.sample643@example.com,,,Corporate,,12/20/2025,"Unit 602, 50 Example Street, Example District, Example City",+63 900 643 5163,,Pending,,,Synthetic Sample Unit,dana.sample643@example.com
Pending,Demo macOS Image,lee.tester644@example.com,Virtual Orientation,8/7/2025,EMP-0644,"TESTER, LEE",NEW,Operations Specialist,Infrastructure Services,Infrastructure Services,Pending,8/7/2025,lee.tester644@example.com,,,Corporate,,8/7/2025,"Unit 1902, 89 Example Street, Example District, Example City",+63 900 644 8684,,Pending,,,Synthetic Sample Unit,lee.tester644@example.com
Pending,Demo macOS Image,sawyer.miller645@example.com,Face to Face Orientation,9/6/2025,EMP-0645,"MILLER, SAWYER",NEW,Software Engineer,IT Operations,IT Operations,Pending,9/6/2025,sawyer.miller645@example.com,,,Field,,9/6/2025,"Unit 502, 14 Example Street, Example District, Example City",+63 900 645 3793,,Pending,,,Synthetic Sample Unit,sawyer.miller645@example.com
Created,Email Only,jamie.brown646@example.com,Virtual Orientation,8/15/2026,EMP-0646,"BROWN, JAMIE",NEW,Team Lead,Systems Administration,Systems Administration,Confirmed,8/15/2026,jamie.brown646@example.com,,,Retail,,8/15/2026,"Unit 202, 32 Example Street, Example District, Example City",+63 900 646 3832,,Pending,,,Synthetic Sample Unit,jamie.brown646@example.com
Pending,Email Only,kai.williams647@example.com,Virtual Orientation,7/26/2025,EMP-0647,"WILLIAMS, KAI",NEW,Software Engineer,Infrastructure Services,Infrastructure Services,Confirmed,7/26/2025,kai.williams647@example.com,,,Retail,,7/26/2025,"Unit 502, 69 Example Street, Example District, Example City",+63 900 647 3914,,Delivered,,,Synthetic Sample Unit,kai.williams647@example.com
Created,Demo macOS Image,reese.clark648@example.com,Face to Face Orientation,9/1/2026,EMP-0648,"CLARK, REESE",NEW,Systems Engineer,Service Desk,Service Desk,Confirmed,9/1/2026,reese.clark648@example.com,,,Retail,,9/1/2026,"Unit 2502, 52 Example Street, Example District, Example City",+63 900 648 6816,,Pending,,,Synthetic Sample Unit,reese.clark648@example.com
Pending,Demo Windows Image,oakley.clark649@example.com,Self Serve,1/10/2025,EMP-0649,"CLARK, OAKLEY",NEW,Software Engineer,Infrastructure Services,Infrastructure Services,Pending,1/10/2025,oakley.clark649@example.com,,,Corporate,,1/10/2025,"Unit 302, 15 Example Street, Example District, Example City",+63 900 649 8496,,Delivered,,,Synthetic Sample Unit,oakley.clark649@example.com
Created,Email Only,indigo.sample650@example.com,Virtual Orientation,4/20/2026,EMP-0650,"SAMPLE, INDIGO",NEW,Operations Specialist,Systems Administration,Systems Administration,Confirmed,4/20/2026,indigo.sample650@example.com,,,Corporate,,4/20/2026,"Unit 3602, 21 Example Street, Example District, Example City",+63 900 650 9050,,Deployed,,,Synthetic Sample Unit,indigo.sample650@example.com
Retracted,Email Only,dana.miller651@example.com,Self Serve,1/3/2025,EMP-0651,"MILLER, DANA",NEW,Support Analyst,Infrastructure Services,Infrastructure Services,Confirmed,1/3/2025,dana.miller651@example.com,,,Corporate,,1/3/2025,"Unit 2402, 47 Example Street, Example District, Example City",+63 900 651 0087,,Deployed,,,Synthetic Sample Unit,dana.miller651@example.com
Retracted,Demo Windows Image,reese.sample652@example.com,Self Serve,10/26/2025,EMP-0652,"SAMPLE, REESE",NEW,Team Lead,Infrastructure Services,Infrastructure Services,Pending,10/26/2025,reese.sample652@example.com,,,Corporate,,10/26/2025,"Unit 2302, 76 Example Street, Example District, Example City",+63 900 652 0720,,Pending,,,Synthetic Sample Unit,reese.sample652@example.com
Retracted,Demo macOS Image,casey.williams653@example.com,Face to Face Orientation,1/10/2025,EMP-0653,"WILLIAMS, CASEY",NEW,Account Manager,IT Operations,IT Operations,Confirmed,1/10/2025,casey.williams653@example.com,,,Retail,,1/10/2025,"Unit 2802, 15 Example Street, Example District, Example City",+63 900 653 3005,,Pending,,,Synthetic Sample Unit,casey.williams653@example.com
Retracted,Demo Windows Image,frankie.placeholder654@example.com,Virtual Orientation,10/21/2025,EMP-0654,"PLACEHOLDER, FRANKIE",NEW,Systems Engineer,IT Operations,IT Operations,Confirmed,10/21/2025,frankie.placeholder654@example.com,,,Retail,,10/21/2025,"Unit 3802, 67 Example Street, Example District, Example City",+63 900 654 7494,,Delivered,,,Synthetic Sample Unit,frankie.placeholder654@example.com
Retracted,Email Only,casey.doe655@example.com,Face to Face Orientation,9/10/2025,EMP-0655,"DOE, CASEY",NEW,Systems Engineer,Application Support,Application Support,Confirmed,9/10/2025,casey.doe655@example.com,,,Field,,9/10/2025,"Unit 2602, 47 Example Street, Example District, Example City",+63 900 655 7943,,Pending,,,Synthetic Sample Unit,casey.doe655@example.com
Created,Email Only,kai.smith656@example.com,Face to Face Orientation,8/25/2025,EMP-0656,"SMITH, KAI",NEW,Team Lead,Infrastructure Services,Infrastructure Services,Pending,8/25/2025,kai.smith656@example.com,,,Field,,8/25/2025,"Unit 1402, 39 Example Street, Example District, Example City",+63 900 656 8526,,Pending,,,Synthetic Sample Unit,kai.smith656@example.com
Retracted,Demo Windows Image,oakley.brown657@example.com,Face to Face Orientation,6/2/2026,EMP-0657,"BROWN, OAKLEY",NEW,Systems Engineer,Infrastructure Services,Infrastructure Services,Pending,6/2/2026,oakley.brown657@example.com,,,Retail,,6/2/2026,"Unit 3702, 33 Example Street, Example District, Example City",+63 900 657 2749,,Delivered,,,Synthetic Sample Unit,oakley.brown657@example.com
Retracted,Demo macOS Image,noel.sample658@example.com,Virtual Orientation,4/10/2026,EMP-0658,"SAMPLE, NOEL",NEW,Software Engineer,IT Operations,IT Operations,Pending,4/10/2026,noel.sample658@example.com,,,Retail,,4/10/2026,"Unit 3702, 89 Example Street, Example District, Example City",+63 900 658 9439,,Deployed,,,Synthetic Sample Unit,noel.sample658@example.com
Retracted,Demo Windows Image,parker.williams659@example.com,Self Serve,1/28/2025,EMP-0659,"WILLIAMS, PARKER",NEW,Team Lead,IT Operations,IT Operations,Confirmed,1/28/2025,parker.williams659@example.com,,,Retail,,1/28/2025,"Unit 1102, 86 Example Street, Example District, Example City",+63 900 659 2691,,Deployed,,,Synthetic Sample Unit,parker.williams659@example.com
Pending,Email Only,sawyer.smith660@example.com,Face to Face Orientation,6/17/2026,EMP-0660,"SMITH, SAWYER",NEW,Software Engineer,Service Desk,Service Desk,Confirmed,6/17/2026,sawyer.smith660@example.com,,,Field,,6/17/2026,"Unit 102, 46 Example Street, Example District, Example City",+63 900 660 3912,,Deployed,,,Synthetic Sample Unit,sawyer.smith660@example.com
